USE ProjectMavsDB;

INSERT INTO Player (PlayerID, Fname, Minit, Lname, Height, JerseyNo, Experience, Fflag, F_type, Cflag, C_type, Gflag, G_type) VALUES
(1, 'Spencer', 'G', 'Dinwiddle', 1.96, '26', 10, FALSE, NULL, FALSE, NULL, TRUE, 'PG'),
(2, 'Luka', 'D', 'Doncic', 1.98, '77', 6, FALSE, NULL, FALSE, NULL, TRUE, 'PG'),
(3, 'Kessler', 'D', 'Edwards', 2.01, '20', 11, TRUE, 'SF', FALSE, NULL, FALSE, NULL),
(4, 'Dante', NULL, 'Exum', 1.96, '0', 7, FALSE, NULL, FALSE, NULL, TRUE, 'G'),
(5, 'Daniel', NULL, 'Gafford', 2.08, '21', 10, FALSE, NULL, TRUE, 'C', FALSE, NULL),
(6, 'Jazian', NULL, 'Gortman', 1.88, '00', 0, FALSE, NULL, FALSE, NULL, TRUE, 'G'),
(7, 'Quentin', 'M', 'Grimes', 1.93, '5', 3, FALSE, NULL, FALSE, NULL, TRUE, 'SG'),
(8, 'Jaden', 'A', 'Hardy', 1.91, '1', 2, FALSE, NULL, FALSE, NULL, TRUE, 'B'),
(9, 'Kyrie', 'A', 'Irving', 1.88, '11', 13, FALSE, NULL, FALSE, NULL, TRUE, 'P'),
(10, 'Maxi', NULL, 'Kleber', 2.08, '42', 7, TRUE, 'PF', FALSE, NULL, FALSE, NULL),
(11, 'AJ', NULL, 'Lawson', 1.98, '9', 2, FALSE, NULL, FALSE, NULL, TRUE, 'G'),
(12, 'Dereck', 'J', 'Lively II', 2.16, '2', 1, FALSE, NULL, TRUE, 'C', FALSE, NULL),
(13, 'Naji', 'M', 'Marshall', 1.98, '13', 4, TRUE, 'SF', FALSE, NULL, FALSE, NULL),
(14, 'Emanual', NULL, 'Miller', 2.01, '3', 0, TRUE, 'F', FALSE, NULL, FALSE, NULL),
(15, 'Markieff', NULL, 'Morris', 2.06, '88', 0, TRUE, 'PF', FALSE, NULL, FALSE, NULL),
(16, 'Dwight', 'H', 'Powell', 2.08, '7', 10, FALSE, NULL, TRUE, 'C', FALSE, NULL),
(17, 'Oliver-Maxence', NULL, 'Prosper', 2.01, '8', 1, TRUE, 'F', FALSE, NULL, FALSE, NULL),
(18, 'Jamarion', 'D', 'Sharp', 2.26, '33', 0, FALSE, NULL, TRUE, 'C', FALSE, NULL),
(19, 'Klay', 'A', 'Thompson',  1.96, '31', 11, FALSE, NULL, FALSE, NULL, TRUE, 'SG'),
(20, 'Paul', 'J', 'Washington', 1.98, '25', 5, TRUE, 'PF', FALSE, NULL, FALSE, NULL),
(21, 'Brandon', NULL, 'Williams', 1.85, '10', 2, FALSE, NULL, FALSE, NULL, TRUE, 'G');


INSERT INTO Coach (CoachID, Fname, Minit, Lname, Start_year, Super_ID) VALUES 
(1, 'Jason', 'F', 'Kidd', 2021, NULL),  -- Head coach, so Super_ID is NULL
(2, 'Sean', NULL, 'Sweeney', 2021, 1),
(3, 'Jared', 'A', 'Dudley', 2021, 1),
(4, 'Alex', NULL, 'Jensen', 2023, 1),
(5, 'Eric', NULL, 'Hughes', 2023, 1), 
(6, 'Darrell', 'E', 'Armstrong', 2009, 1),
(7, 'Josh', NULL, 'Broghamer', 2023, 1),
(8, 'Marko', NULL, 'Milić', 2022, 1), 
(9, 'God', NULL, 'Shammgod', 2019, 1), 
(10, 'Keith', 'M', 'Veney', 2021, 1); 

INSERT INTO Games (Game_number, Season, Opponent, Location) VALUES
(061724, '23-24', 'BOS', 'TD Garden'),
(061424, '23-24', 'BOS', 'American Airlines Center'),
(061224, '23-24', 'BOS', 'American Airlines Center'),
(060924, '23-24', 'BOS', 'TD Garden'),
(060624, '23-24', 'BOS', 'TD Garden'),
(053024, '23-24', 'MIN', 'Target Center'),
(052824, '23-24', 'MIN', 'American Airlines Center'),
(052624, '23-24', 'MIN', 'American Airlines Center'),
(052424, '23-24', 'MIN', 'Target Center'),
(052224, '23-24', 'MIN', 'Target Center'),
(051824, '23-24', 'OKC', 'American Airlines Center'),
(051524, '23-24', 'OKC', 'Paycom Center'),
(051324, '23-24', 'OKC', 'American Airlines Center'),
(051124, '23-24', 'OKC', 'American Airlines Center'),
(050924, '23-24', 'OKC', 'Paycom Center'),
(050724, '23-24', 'OKC', 'Paycom Center'),
(050324, '23-24', 'LA', 'American Airlines Center'),
(050124, '23-24', 'LA', 'Crypto.com Arena'),
(042824, '23-24', 'LA', 'American Airlines Center'),
(042624, '23-24', 'LA', 'American Airlines Center'),
(042324, '23-24', 'LA', 'Crypto.com Arena'),
(042124, '23-24', 'LA', 'Crypto.com Arena');

Insert Into Executive_Staff(StaffID, Fname, Minit, Lname, Position, Operation_type) VALUES
(9898, 'Cynt', NULL, 'Marshall', 'CEO', 'Business Operations'),
(1234 , 'Donn', NULL, 'Nelson', 'General Manager', 'Basketball Operations'),
(2345, 'Ronnie', NULL, 'Fauss', 'Chief Strategy Officer', 'Business Development'), 
(3456, 'Sekou', NULL, 'Lewis', 'General Counsel', 'Counsel') ,
(4567, 'Greg', NULL, 'nared', 'SVP Player Relations',' Player Relations'), 
(5678, 'Theo', NULL, 'Hodges', 'SVP Ticket Sales', 'Ticker sales') ,
(6789, 'Candice', NULL ,'Coleman', 'Chief of Staff',' Staff Management'),
(7891, 'Billy', NULL, 'Phillips', 'VP Corporate Sponsorship', 'Sponsorship'),
(8912, 'Scott', NULL, 'Powers', 'Director', 'Information Technology'),
(9123, 'Alison', NULL, 'Panasik', 'VP Brand Identity', 'Brand');

INSERT INTO Contract (Py_ID, ContractID, Salary, Duration) VALUES
(2, 102, 215159700.00, 5),
(9, 109, 120000000.00, 3),
(19, 119, 50000000.00, 3),
(20, 120, 46500000.00, 3),
(5, 105, 40182480.00, 3),
(10, 110, 33000000.00, 3),
(13, 113, 27000000.00, 3),
(12, 112, 22282691.00, 4),
(17, 117, 13870583.00, 4),
(16, 116, 12000000.00, 3),
(7, 107, 11128042.00, 4),
(4, 104, 6150000.00, 2),
(8, 108, 4757344.00, 3),
(1, 101, 3303771.00, 1),
(15, 115, 3303771.00, 1),
(11, 111, 2048494.00, 1),
(6, 106, 1157153.00,1),
(14, 114, 1157153.00,1),
(18, 118, 1157153.00,1);

INSERT INTO Teams_Coached (C_ID, T_coached) VALUES
(1, 'Dallas Mavericks'), 
(1, 'Brooklyn Nets'),
(1, 'Milwaukee Bucks'),
(2, 'Dallas Mavericks'), 
(2, 'Milwaukee Bucks'),
(2, 'Detroit Pistons'),
(3, 'Dallas Mavericks'),  
(4, 'Dallas Mavericks'), 
(4, 'Utah Jazz'),
(5, 'Dallas Mavericks'), 
(5, 'Philadelphia 76ers'),
(5, 'Milwaukee Bucks'),
(5, 'Brooklyn Nets'),
(6, 'Dallas Mavericks'),
(7, 'Dallas Mavericks'),
(7, 'Cleveland Cavaliers'),
(8, 'Dallas Mavericks'),  
(8, 'Slovenian National Team'),
(9, 'Dallas Mavericks'), 
(10, 'Dallas Mavericks'); 

INSERT INTO Played_In(Play_id, GNum, Sn, Min_played) VALUES
(2, 061724, '23-24', 43),
(2, 061424, '23-24', 32),
(2, 061224, '23-24', 38),
(2, 060924, '23-24', 42),
(2, 060624, '23-24', 38),
(2, 053024, '23-24', 36),
(2, 052824, '23-24', 41),
(2, 052624, '23-24', 41),
(2, 052424, '23-24', 41),
(2, 052224, '23-24', 41),
(2, 051824, '23-24', 45),
(2, 051524, '23-24', 42),
(2, 051324, '23-24', 42),
(2, 051124, '23-24', 40),
(2, 050924, '23-24', 41),
(2, 050724, '23-24', 41),
(2, 050324, '23-24', 43),
(2, 050124, '23-24', 40),
(2, 042824, '23-24', 45),
(2, 042624, '23-24', 40),
(2, 042324, '23-24', 46),
(2, 042124, '23-24', 43),
(4, 061724, '23-24', 9),
(4, 061424, '23-24', 14),
(4, 061224, '23-24', 3),
(4, 060924, '23-24', 11),
(4, 060624, '23-24', 5),
(4, 053024, '23-24', 11),
(4, 052824, '23-24', 4),
(4, 052624, '23-24', 1),
(4, 052424, '23-24', 3),
(4, 052224, '23-24', 3),
(4, 051524, '23-24', 1),
(4, 051324, '23-24', 5),
(4, 051124, '23-24', 6),
(4, 050924, '23-24', 6),
(4, 050724, '23-24', 9),
(4, 050324, '23-24', 7),
(4, 050124, '23-24', 10),
(4, 042824, '23-24', 2),
(4, 042624, '23-24', 12),
(4, 042324, '23-24', 6),
(4, 042124, '23-24', 16),
(5, 061724, '23-24', 11),
(5, 061424, '23-24', 10),
(5, 061224, '23-24', 16),
(5, 060924, '23-24', 23),
(5, 060624, '23-24', 14),
(5, 053024, '23-24', 20),
(5, 052824, '23-24', 31),
(5, 052624, '23-24', 29),
(5, 052424, '23-24', 21),
(5, 052224, '23-24', 21),
(5, 051824, '23-24', 19),
(5, 051524, '23-24', 25),
(5, 051324, '23-24', 23),
(5, 051124, '23-24', 20),
(5, 050924, '23-24', 27),
(5, 050724, '23-24', 27),
(5, 050324, '23-24', 23),
(5, 050124, '23-24', 19),
(5, 042824, '23-24', 19),
(5, 042624, '23-24', 26),
(5, 042324, '23-24', 10),
(5, 042124, '23-24', 14),
(8, 061724, '23-24', 3),
(8, 061424, '23-24', 14),
(8, 061224, '23-24', 4),
(8, 060924, '23-24', 2),
(8, 060624, '23-24', 11),
(8, 053024, '23-24', 8),
(8, 052824, '23-24', 12),
(8, 052624, '23-24', 11),
(8, 052424, '23-24', 12),
(8, 052224, '23-24', 9),
(8, 051824, '23-24', 11),
(8, 051524, '23-24', 15),
(8, 050924, '23-24', 1),
(8, 050724, '23-24', 5),
(8, 050324, '23-24', 1),
(8, 050124, '23-24', 6),
(8, 042824, '23-24', 3),
(8, 042624, '23-24', 3),
(8, 042124, '23-24', 1),
(9, 061724, '23-24', 41),
(9, 061424, '23-24', 31),
(9, 061224, '23-24', 45),
(9, 060924, '23-24', 41),
(9, 060624, '23-24', 37),
(9, 053024, '23-24', 40),
(9, 052824, '23-24', 42),
(9, 052624, '23-24', 42),
(9, 052424, '23-24', 39),
(9, 052224, '23-24', 40),
(9, 051824, '23-24', 42),
(9, 051524, '23-24', 39),
(9, 051324, '23-24', 41),
(9, 051124, '23-24', 41),
(9, 050924, '23-24', 42),
(9, 050724, '23-24', 37),
(9, 050324, '23-24', 42),
(9, 050124, '23-24', 35),
(9, 042824, '23-24', 45),
(9, 042624, '23-24', 37),
(9, 042324, '23-24', 42),
(9, 042124, '23-24', 39),
(10, 061724, '23-24', 13),
(10, 061424, '23-24', 23),
(10, 061224, '23-24', 8),
(10, 060924, '23-24', 16),
(10, 060624, '23-24', 19),
(10, 053024, '23-24', 9),
(10, 052824, '23-24', 14),
(10, 050324, '23-24', 5),
(10, 050124, '23-24', 19),
(10, 042824, '23-24', 22),
(10, 042624, '23-24', 16),
(10, 042324, '23-24', 28),
(10, 042124, '23-24', 27),
(11, 061724, '23-24', 3),
(11, 061424, '23-24', 8),
(11, 053024, '23-24', 3),
(11, 051524, '23-24', 1),
(11, 050924, '23-24', 1),
(11, 050724, '23-24', 5),
(11, 050324, '23-24', 1),
(11, 050124, '23-24', 5),
(11, 042624, '23-24', 2),
(11, 042124, '23-24', 1),
(12, 061724, '23-24', 24),
(12, 061424, '23-24', 22),
(12, 061224, '23-24', 30),
(12, 060924, '23-24', 19),
(12, 060624, '23-24', 19),
(12, 053024, '23-24', 25),
(12, 052624, '23-24', 10),
(12, 052424, '23-24', 27),
(12, 052224, '23-24', 27),
(12, 051824, '23-24', 30),
(12, 051524, '23-24', 23),
(12, 051324, '23-24', 25),
(12, 051124, '23-24', 27),
(12, 050924, '23-24', 20),
(12, 050724, '23-24', 13),
(12, 050324, '23-24', 24),
(12, 050124, '23-24', 25),
(12, 042824, '23-24', 18),
(12, 042624, '23-24', 16),
(12, 042324, '23-24', 21),
(12, 042124, '23-24', 19),
(15, 061424, '23-24', 12),
(16, 061724, '23-24', 3),
(16, 061424, '23-24', 8),
(16, 060624, '23-24', 5),
(16, 053024, '23-24', 3),
(16, 052824, '23-24', 3),
(16, 052624, '23-24', 8),
(16, 051524, '23-24', 0),
(16, 050924, '23-24', 1),
(16, 050724, '23-24', 5),
(16, 050324, '23-24', 1),
(16, 050124, '23-24', 4),
(16, 042624, '23-24', 3),
(16, 042124, '23-24', 1),
(17, 061724, '23-24', 3),
(17, 061424, '23-24', 5),
(17, 042124, '23-24', 1),
(20, 061724, '23-24', 35),
(20, 061424, '23-24', 14),
(20, 061224, '23-24', 39),
(20, 060924, '23-24', 40),
(20, 060624, '23-24', 36),
(20, 053024, '23-24', 36),
(20, 052824, '23-24', 42),
(20, 052624, '23-24', 40),
(20, 052424, '23-24', 38),
(20, 052224, '23-24', 41),
(20, 051824, '23-24', 30),
(20, 051524, '23-24', 37),
(20, 051324, '23-24', 41),
(20, 051124, '23-24', 40),
(20, 050924, '23-24', 40),
(20, 050724, '23-24', 26),
(20, 050324, '23-24', 35),
(20, 050124, '23-24', 30),
(20, 042824, '23-24', 41),
(20, 042624, '23-24', 34),
(20, 042324, '23-24', 35),
(20, 042124, '23-24', 37);

Insert Into Oversees(P_ID, Staff_ID)Values
(1, 1234),
(2, 1234),
(3, 1234),
(4, 1234),
(5, 1234),
(6, 1234),
(7, 1234),
(8, 1234),
(9, 1234),
(10, 1234),
(11, 1234),
(12, 1234),
(13, 1234),
(14, 1234),
(15, 1234),
(16, 1234),
(17, 1234),
(18, 1234),
(19, 1234),
(20, 1234),
(21, 1234);